time,temperature_2m_max,temperature_2m_min,temperature_2m_mean,precipitation_sum,rain_sum,sunshine_duration,windspeed_10m_max,weathercode
2023-10-01,19.8,17.5,18.2,21.6,21.6,1831.28,26.3,63
2023-10-02,20.9,17.4,19.0,3.9,3.9,30319.74,25.7,53
2023-10-03,22.4,16.0,18.8,0.0,0.0,40188.54,23.3,2
2023-10-04,22.5,13.0,17.6,0.0,0.0,40483.94,15.3,1
2023-10-05,23.7,12.7,17.8,0.0,0.0,39081.07,21.5,3
2023-10-06,23.4,14.4,18.8,0.0,0.0,39536.59,19.2,3
2023-10-07,23.8,15.4,19.1,0.0,0.0,38182.78,19.5,3
2023-10-08,22.4,11.9,18.0,0.0,0.0,39201.5,19.6,0
2023-10-09,19.4,12.6,16.9,0.5,0.5,11608.27,31.5,51
2023-10-10,21.8,10.4,15.6,0.0,0.0,35545.62,17.6,3
2023-10-11,19.4,12.8,16.0,0.1,0.1,35982.89,29.3,51
2023-10-12,22.6,13.6,17.5,0.0,0.0,38108.32,20.1,1
2023-10-13,21.9,10.3,15.8,0.0,0.0,36899.3,8.2,3
2023-10-14,23.1,13.6,17.4,0.0,0.0,37560.44,18.3,3
2023-10-15,21.8,11.9,16.6,0.1,0.1,34439.7,11.8,51
2023-10-16,19.7,13.2,16.1,4.1,4.1,10257.45,30.0,53
2023-10-17,19.5,12.9,15.5,0.0,0.0,27546.49,23.5,3
2023-10-18,17.0,13.3,14.8,12.4,12.4,5855.62,22.2,61
2023-10-19,18.8,13.2,15.5,0.3,0.3,35645.23,17.1,51
2023-10-20,21.8,14.2,18.3,0.0,0.0,36529.09,27.1,0
2023-10-21,23.6,18.1,20.3,0.0,0.0,36566.14,20.1,0
2023-10-22,24.4,15.9,19.3,0.0,0.0,36603.36,11.2,3
2023-10-23,24.9,14.7,19.4,0.0,0.0,36323.06,10.8,3
2023-10-24,23.1,14.6,18.6,0.0,0.0,35463.29,11.5,3
2023-10-25,23.0,15.6,19.0,0.0,0.0,27498.71,24.7,3
2023-10-26,24.4,20.1,22.1,0.0,0.0,27724.36,29.6,3
2023-10-27,24.8,18.8,21.5,0.0,0.0,32496.32,30.1,3
2023-10-28,25.4,19.0,22.0,0.0,0.0,36000.0,32.0,3
2023-10-29,24.1,16.8,19.8,0.4,0.4,32778.47,16.1,51
2023-10-30,24.1,16.9,19.5,0.0,0.0,35895.05,21.9,3
2023-10-31,21.2,16.3,18.2,0.1,0.1,25385.55,13.7,51
2023-11-01,22.8,16.9,19.5,0.0,0.0,29259.46,18.9,3
2023-11-02,20.4,15.2,17.1,17.0,17.0,11039.33,24.6,63
2023-11-03,22.9,16.4,19.7,0.7,0.7,34779.07,34.0,51
2023-11-04,27.4,18.2,23.0,1.2,1.2,32175.89,37.0,55
2023-11-05,22.1,16.2,19.7,8.7,8.7,35451.16,33.3,63
2023-11-06,23.0,16.4,20.2,0.4,0.4,34582.14,34.5,51
2023-11-07,23.8,14.6,18.7,0.2,0.2,32400.0,10.0,51
2023-11-08,21.5,14.9,18.1,0.0,0.0,35248.96,18.5,3
2023-11-09,17.0,12.1,14.5,10.7,10.7,22900.0,25.0,63
2023-11-10,18.9,11.3,14.1,0.0,0.0,34075.5,15.5,3
2023-11-11,22.8,14.9,18.4,12.9,12.9,26095.43,44.6,63
2023-11-12,18.8,13.4,16.2,0.4,0.4,31465.36,32.8,51
2023-11-13,15.2,12.4,14.4,27.6,27.6,0.0,26.7,63
2023-11-14,15.8,6.9,12.3,0.0,0.0,32418.69,13.6,3
2023-11-15,19.3,14.1,16.5,0.4,0.4,33228.08,24.2,51
2023-11-16,16.2,9.9,13.0,33.2,33.2,24910.36,23.5,63
2023-11-17,15.2,9.4,12.6,0.0,0.0,16223.73,18.7,3
2023-11-18,16.5,6.8,11.6,57.6,57.6,0.0,34.1,65
2023-11-19,7.3,2.6,5.5,26.2,24.9,0.0,31.1,73
2023-11-20,12.2,4.0,9.3,3.7,3.7,20442.86,21.0,61
2023-11-21,15.6,10.1,12.7,0.1,0.1,32227.12,16.7,51
2023-11-22,19.4,12.4,15.4,0.0,0.0,29935.24,21.6,3
2023-11-23,14.2,8.8,12.6,4.4,4.4,11495.18,20.8,53
2023-11-24,17.0,9.0,13.8,2.9,2.9,30659.63,26.8,55
2023-11-25,18.2,14.9,16.6,0.2,0.2,19359.27,38.5,51
2023-11-26,16.5,3.8,8.9,7.5,7.5,5841.42,47.6,63
2023-11-27,7.1,1.8,4.3,0.0,0.0,30563.36,22.7,3
2023-11-28,14.6,7.4,10.3,1.6,1.6,24545.08,45.4,51
2023-11-29,15.7,13.4,14.3,30.6,30.6,0.0,52.9,63
2023-11-30,13.9,8.6,11.2,14.4,14.4,4693.62,28.4,63
2023-12-01,18.2,10.9,15.6,0.0,0.0,23968.47,33.3,3
2023-12-02,19.0,16.1,17.5,0.0,0.0,31492.61,41.4,3
2023-12-03,19.8,16.5,18.1,0.0,0.0,27323.72,40.0,3
2023-12-04,12.4,9.1,10.4,3.5,3.5,0.0,29.0,53
2023-12-05,12.4,8.7,10.3,0.0,0.0,12983.49,23.0,3
2023-12-06,12.6,9.5,10.5,2.0,2.0,2524.69,15.0,53
2023-12-07,12.1,9.4,10.4,4.3,4.3,2713.02,15.4,53
2023-12-08,10.1,6.8,8.0,5.6,5.6,0.0,28.7,61
2023-12-09,7.4,5.7,6.7,13.0,13.0,0.0,30.6,63
2023-12-10,10.8,3.7,6.6,0.4,0.4,29665.1,12.7,51
2023-12-11,12.3,4.7,7.8,0.0,0.0,28800.0,12.7,3
2023-12-12,11.2,5.6,8.7,0.0,0.0,10945.44,15.3,3
2023-12-13,13.4,5.2,9.4,0.0,0.0,29570.39,12.1,3
2023-12-14,17.8,10.7,14.6,0.0,0.0,29156.31,37.3,3
2023-12-15,15.5,9.2,11.8,7.1,7.1,4658.11,28.0,61
2023-12-16,10.2,5.8,8.1,23.3,23.3,0.0,39.0,63
2023-12-17,8.4,4.8,6.6,3.3,3.3,9520.35,30.8,55
2023-12-18,10.1,1.6,5.8,0.0,0.0,29811.67,9.0,2
2023-12-19,12.4,3.2,7.3,0.0,0.0,30184.88,10.7,3
2023-12-20,12.1,1.0,6.8,0.0,0.0,29826.57,13.3,3
2023-12-21,13.6,8.1,9.9,2.3,2.3,3600.0,16.1,53
2023-12-22,12.6,6.3,9.7,9.3,9.3,14933.68,30.0,63
2023-12-23,13.4,4.7,9.6,1.4,1.4,20627.85,38.5,61
2023-12-24,14.4,8.6,11.6,0.8,0.8,26753.92,28.3,53
2023-12-25,15.9,10.6,13.1,0.0,0.0,29598.32,23.9,3
2023-12-26,15.4,11.6,13.2,0.0,0.0,30175.86,21.3,0
2023-12-27,15.4,8.4,12.8,0.2,0.2,29890.65,22.1,51
2023-12-28,14.8,5.0,9.0,0.0,0.0,30880.64,10.9,3
2023-12-29,11.4,3.5,7.8,0.0,0.0,30863.62,14.5,3
2023-12-30,13.8,5.8,9.2,0.0,0.0,30186.68,11.5,3
2023-12-31,15.4,7.6,10.6,0.3,0.3,17484.44,10.6,51
2024-01-01,14.4,7.4,11.3,0.0,0.0,25225.97,20.6,3
2024-01-02,13.9,7.2,11.2,6.9,6.9,1997.62,23.4,61
2024-01-03,14.4,6.4,10.9,2.5,2.5,17495.21,23.4,53
2024-01-04,15.2,10.6,12.7,0.4,0.4,28800.0,23.9,51
2024-01-05,13.9,8.0,10.9,1.4,1.4,31753.28,28.9,53
2024-01-06,14.6,8.1,11.1,0.0,0.0,22331.71,17.3,3
2024-01-07,14.8,10.6,12.6,3.2,3.2,9193.06,37.7,61
2024-01-08,14.4,6.9,12.0,1.6,1.6,28029.69,37.8,61
2024-01-09,6.6,2.5,4.5,17.7,17.6,0.0,33.0,71
2024-01-10,6.5,3.2,4.5,13.4,13.4,0.0,34.8,61
2024-01-11,5.9,2.9,4.2,0.0,0.0,7950.6,19.0,3
2024-01-12,6.6,-1.0,2.7,0.5,0.5,24549.81,27.0,51
2024-01-13,3.8,-0.5,1.8,0.0,0.0,4589.29,24.0,3
2024-01-14,6.9,-2.4,2.8,0.0,0.0,32232.51,21.9,3
2024-01-15,11.6,6.4,9.2,0.0,0.0,31490.29,30.3,3
2024-01-16,12.9,7.2,10.2,10.4,10.4,15131.01,31.3,63
2024-01-17,11.5,4.3,7.3,0.0,0.0,32388.27,13.0,3
2024-01-18,14.4,7.8,11.8,0.6,0.6,11905.34,34.7,51
2024-01-19,16.3,12.8,14.3,10.1,10.1,32492.27,43.1,63
2024-01-20,13.3,4.0,8.5,20.6,20.6,0.0,34.4,63
2024-01-21,6.7,4.1,5.3,5.0,5.0,68.75,33.8,53
2024-01-22,6.7,4.3,5.3,0.2,0.2,27881.1,29.1,51
2024-01-23,8.1,3.1,5.2,0.0,0.0,32457.85,18.1,2
2024-01-24,7.8,3.5,5.5,0.1,0.1,5787.77,19.8,51
2024-01-25,8.8,1.4,6.0,1.3,1.3,16006.39,24.2,55
2024-01-26,9.7,2.2,5.9,2.7,2.7,29124.43,18.3,61
2024-01-27,8.2,1.5,5.0,5.0,5.0,21896.61,19.7,61
2024-01-28,6.3,2.2,4.6,1.5,1.5,32667.96,23.1,53
2024-01-29,5.1,2.4,3.5,4.4,4.1,13838.03,25.3,71
2024-01-30,5.9,2.2,4.0,2.8,2.6,32400.0,34.5,71
2024-01-31,7.2,4.2,5.5,0.3,0.3,12215.96,31.8,51
2024-02-01,8.2,2.2,5.7,0.0,0.0,16151.73,17.8,3
2024-02-02,9.1,0.2,5.0,0.2,0.2,30449.59,15.9,51
2024-02-03,8.9,1.5,5.6,0.0,0.0,33819.29,15.3,3
2024-02-04,9.4,5.3,7.8,0.3,0.3,16189.84,22.8,51
2024-02-05,13.7,8.2,10.5,0.0,0.0,20888.31,27.1,3
2024-02-06,15.3,9.2,11.8,0.0,0.0,35031.2,20.3,2
2024-02-07,15.8,9.7,12.6,0.0,0.0,35179.38,27.8,3
2024-02-08,16.5,11.9,13.6,0.4,0.4,28220.75,28.0,51
2024-02-09,15.9,9.9,12.3,0.0,0.0,35320.54,23.4,3
2024-02-10,16.2,11.3,13.6,0.0,0.0,35393.49,31.9,3
2024-02-11,17.6,12.9,14.5,0.0,0.0,19503.01,33.1,3
2024-02-12,17.4,10.6,13.5,3.4,3.4,13399.34,21.2,53
2024-02-13,13.9,6.7,10.5,3.4,3.4,33362.99,18.6,55
2024-02-14,10.6,4.8,7.9,0.7,0.7,10219.48,27.5,51
2024-02-15,7.5,6.1,6.9,13.9,13.9,0.0,27.0,61
2024-02-16,8.4,6.3,7.2,6.2,6.2,0.0,18.9,61
2024-02-17,8.4,5.8,6.8,0.2,0.2,199.71,20.6,51
2024-02-18,7.9,3.7,6.1,0.0,0.0,3876.07,14.8,3
2024-02-19,8.9,2.8,6.3,0.0,0.0,9891.41,16.3,3
2024-02-20,10.1,1.5,5.6,0.0,0.0,37055.15,16.4,2
2024-02-21,10.4,1.5,5.8,0.0,0.0,36715.77,12.5,3
2024-02-22,11.6,1.5,6.6,0.0,0.0,37607.33,10.2,3
2024-02-23,15.5,4.1,9.5,0.0,0.0,34383.48,18.5,3
2024-02-24,17.3,8.6,12.4,0.0,0.0,37840.39,20.0,0
2024-02-25,18.2,7.3,12.5,0.0,0.0,30236.29,12.5,3
2024-02-26,17.4,7.5,11.3,0.0,0.0,27284.06,16.3,3
2024-02-27,14.4,6.2,9.0,0.0,0.0,34354.37,16.6,3
2024-02-28,15.7,5.2,8.7,0.0,0.0,28740.03,15.3,3
2024-02-29,18.0,5.8,9.4,0.0,0.0,33116.74,19.5,3
2024-03-01,16.6,5.7,9.6,0.0,0.0,22276.91,19.2,3
2024-03-02,15.8,5.8,9.3,0.0,0.0,20228.08,14.6,3
2024-03-03,13.0,5.8,8.1,0.6,0.6,13529.85,14.1,51
2024-03-04,14.6,4.0,8.5,0.0,0.0,39047.16,10.4,3
2024-03-05,15.3,6.6,10.0,1.9,1.9,780.05,13.3,55
2024-03-06,9.7,4.9,8.2,1.7,1.7,6779.86,18.1,53
2024-03-07,12.0,2.5,7.2,0.0,0.0,39012.62,16.1,3
2024-03-08,7.7,5.5,6.5,16.1,16.1,0.0,18.6,61
2024-03-09,9.8,4.0,6.4,2.8,2.8,14126.11,15.6,53
2024-03-10,11.1,1.2,6.1,0.0,0.0,39600.0,13.3,3
2024-03-11,17.1,4.7,10.6,0.0,0.0,39600.0,12.2,3
2024-03-12,17.6,10.0,12.7,4.8,4.8,9592.1,17.7,61
2024-03-13,14.2,8.0,11.3,9.1,9.1,34261.96,23.8,61
2024-03-14,13.6,5.8,9.7,1.6,1.6,33043.94,15.0,53
2024-03-15,10.9,4.7,8.0,5.9,5.9,9837.71,16.8,61
2024-03-16,12.6,3.2,7.4,0.3,0.3,16184.74,13.7,51
2024-03-17,13.6,3.7,8.0,0.0,0.0,41035.75,16.2,3
2024-03-18,14.2,2.5,7.8,0.0,0.0,40374.7,12.7,2
2024-03-19,15.6,4.4,9.9,0.1,0.1,36713.78,21.2,51
2024-03-20,8.4,2.3,6.4,6.1,6.1,0.0,26.6,61
2024-03-21,10.1,0.3,5.8,0.4,0.4,34883.83,14.1,51
2024-03-22,9.9,1.9,5.9,3.4,3.3,38802.36,22.5,71
2024-03-23,10.8,1.9,6.7,0.0,0.0,42558.71,13.1,3
2024-03-24,14.6,2.4,9.2,0.0,0.0,42098.42,19.7,3
2024-03-25,15.0,6.6,10.4,8.7,8.7,19115.32,34.7,63
2024-03-26,13.1,6.7,9.8,0.0,0.0,37957.03,17.1,3
2024-03-27,20.8,8.8,14.2,6.2,6.2,41398.91,15.0,63
2024-03-28,20.9,12.6,16.2,1.3,1.3,25196.36,23.0,55
2024-03-29,21.1,9.1,14.5,0.0,0.0,43200.0,14.2,1
2024-03-30,23.7,10.2,16.6,0.0,0.0,39419.2,10.7,3
2024-03-31,22.5,10.6,15.9,0.0,0.0,43200.0,14.1,3
2024-04-01,23.5,11.4,16.5,0.0,0.0,43200.0,15.0,3
2024-04-02,24.2,12.2,17.6,0.0,0.0,40524.16,16.6,3
2024-04-03,19.6,11.8,15.3,0.0,0.0,39049.87,22.3,3
2024-04-04,20.1,9.0,14.1,0.0,0.0,43200.0,16.4,3
2024-04-05,20.1,7.5,13.0,0.0,0.0,43200.0,10.6,3
2024-04-06,20.8,8.5,14.0,0.0,0.0,43200.0,12.5,3
2024-04-07,16.5,10.6,12.4,1.3,1.3,14400.0,22.8,51
2024-04-08,16.9,9.3,12.5,0.0,0.0,43200.0,26.1,0
2024-04-09,18.6,8.2,13.0,0.0,0.0,43200.0,20.6,0
2024-04-10,19.4,9.7,13.1,0.0,0.0,42510.36,20.0,3
2024-04-11,19.5,9.8,14.0,0.0,0.0,38948.27,19.8,3
2024-04-12,20.8,11.1,15.2,0.0,0.0,43344.69,19.9,0
2024-04-13,21.6,11.6,15.4,0.0,0.0,42224.15,19.2,3
2024-04-14,23.4,9.0,16.0,0.0,0.0,43594.81,11.4,1
2024-04-15,23.5,10.9,17.2,0.0,0.0,43875.86,11.8,3
2024-04-16,26.7,13.1,19.9,0.0,0.0,43225.56,19.6,3
2024-04-17,25.5,17.1,20.4,0.4,0.4,24092.51,30.7,51
2024-04-18,20.0,12.0,16.5,0.6,0.6,41085.65,28.7,51
2024-04-19,16.0,11.4,13.1,4.9,4.9,15905.62,22.7,53
2024-04-20,14.2,9.9,12.5,31.9,31.9,3600.0,32.3,63
2024-04-21,18.5,6.8,12.9,0.0,0.0,44697.03,18.8,3
2024-04-22,19.2,12.4,15.7,2.3,2.3,33535.48,25.3,61
2024-04-23,21.6,13.4,16.4,0.4,0.4,25093.62,23.9,51
2024-04-24,24.9,15.5,20.5,0.0,0.0,42692.07,26.3,3
2024-04-25,22.8,14.6,18.4,0.4,0.4,43278.13,11.2,51
2024-04-26,19.2,12.9,15.7,1.4,1.4,46499.86,16.3,51
2024-04-27,17.7,11.9,14.2,0.0,0.0,45572.32,31.4,3
2024-04-28,18.2,12.6,14.5,22.6,22.6,23808.66,25.0,65
2024-04-29,16.5,12.2,14.1,0.6,0.6,8719.35,21.1,51
2024-04-30,17.8,13.0,14.7,0.7,0.7,11415.95,24.1,51
2024-05-01,15.4,12.9,14.0,15.1,15.1,1663.32,25.0,65
2024-05-02,15.8,10.8,13.7,0.4,0.4,927.62,16.0,51
2024-05-03,19.6,10.5,14.5,3.6,3.6,33317.66,15.4,55
2024-05-04,17.6,10.1,13.9,1.8,1.8,33001.67,16.8,53
2024-05-05,16.6,8.9,13.4,6.8,6.8,47617.0,27.1,63
2024-05-06,19.0,5.7,12.3,0.0,0.0,50389.78,10.5,0
2024-05-07,21.6,8.6,15.2,0.0,0.0,50400.0,10.9,1
2024-05-08,25.0,12.6,17.7,0.0,0.0,50400.0,21.4,3
2024-05-09,19.1,13.7,15.7,0.0,0.0,27584.43,23.1,3
2024-05-10,17.6,12.9,14.9,19.8,19.8,16797.41,38.4,63
2024-05-11,16.5,9.6,13.9,10.2,10.2,20496.43,34.6,63
2024-05-12,20.9,8.1,13.9,0.1,0.1,48502.6,19.4,51
2024-05-13,14.9,8.8,12.8,5.6,5.6,24681.3,27.2,61
2024-05-14,18.1,6.1,12.2,0.0,0.0,50400.0,17.3,3
2024-05-15,18.9,7.8,13.3,0.0,0.0,50400.0,21.1,3
2024-05-16,19.2,10.2,14.2,0.2,0.2,46382.43,20.0,51
2024-05-17,20.6,11.4,15.4,4.4,4.4,41611.8,24.5,61
2024-05-18,21.8,12.4,16.6,0.0,0.0,50400.0,15.6,3
2024-05-19,21.1,12.6,15.7,2.3,2.3,17198.97,26.2,61
2024-05-20,20.2,13.4,16.4,0.0,0.0,49568.42,20.2,3
2024-05-21,21.6,12.9,16.7,0.0,0.0,50400.0,18.4,3
2024-05-22,25.1,13.1,18.2,0.0,0.0,50400.0,18.4,1
2024-05-23,21.1,14.4,16.9,3.6,3.6,32400.0,20.5,61
2024-05-24,20.9,13.6,17.3,7.7,7.7,38407.63,17.7,61
2024-05-25,22.5,13.2,17.7,0.0,0.0,50400.0,24.5,3
2024-05-26,20.9,14.1,17.2,0.0,0.0,46800.0,30.1,3
2024-05-27,19.0,12.4,16.3,0.7,0.7,47267.88,19.2,51
2024-05-28,20.2,10.9,16.1,1.9,1.9,50400.0,10.0,51
2024-05-29,24.0,11.4,18.1,0.0,0.0,50400.0,9.9,3
2024-05-30,26.9,13.9,19.8,0.0,0.0,50400.0,13.8,1
2024-05-31,27.7,15.2,21.6,0.0,0.0,50400.0,12.2,1
2024-06-01,29.5,16.1,23.0,0.0,0.0,50400.0,12.7,3
2024-06-02,31.5,17.0,24.6,0.0,0.0,49927.88,14.3,3
2024-06-03,34.0,18.5,26.0,0.0,0.0,50400.0,18.1,3
2024-06-04,33.3,18.4,26.2,0.0,0.0,50400.0,13.6,3
2024-06-05,30.4,20.2,25.2,0.0,0.0,50400.0,19.4,2
2024-06-06,29.9,19.0,24.1,0.0,0.0,49849.73,24.2,3
2024-06-07,29.0,19.9,23.8,0.0,0.0,44968.18,23.5,3
2024-06-08,27.6,19.5,23.2,0.0,0.0,50400.0,25.3,3
2024-06-09,29.1,18.7,23.6,0.0,0.0,50400.0,22.7,0
2024-06-10,32.2,17.9,25.0,0.0,0.0,50400.0,15.5,2
2024-06-11,34.9,20.5,27.8,0.0,0.0,50400.0,13.0,3
2024-06-12,34.3,23.5,27.8,0.0,0.0,50400.0,21.5,2
2024-06-13,34.5,22.5,28.2,0.0,0.0,50400.0,18.6,3
2024-06-14,32.1,18.0,25.3,9.4,9.4,38507.36,35.8,63
2024-06-15,26.2,17.7,21.8,0.2,0.2,50466.56,17.0,51
2024-06-16,28.5,15.9,22.6,0.0,0.0,50455.98,19.6,1
2024-06-17,30.8,16.6,23.8,0.0,0.0,50446.35,20.1,0
2024-06-18,29.8,19.0,24.1,0.0,0.0,50437.65,31.1,0
2024-06-19,29.0,20.3,24.2,0.0,0.0,50781.02,29.6,0
2024-06-20,29.2,20.0,24.3,0.0,0.0,50774.38,27.4,0
2024-06-21,29.0,20.6,24.5,0.0,0.0,50400.0,30.0,2
2024-06-22,27.2,20.6,23.5,0.0,0.0,50763.76,31.7,1
2024-06-23,27.5,20.1,23.5,0.0,0.0,50759.49,32.8,0
2024-06-24,27.6,20.4,23.8,0.0,0.0,50755.98,25.5,3
2024-06-25,28.5,20.2,24.1,0.0,0.0,50753.21,29.4,2
2024-06-26,28.0,19.8,23.6,0.0,0.0,50751.19,27.6,1
2024-06-27,27.5,19.6,23.3,0.0,0.0,50749.98,29.5,0
2024-06-28,27.2,19.9,23.7,0.0,0.0,50749.55,34.6,3
2024-06-29,27.8,20.9,24.1,0.0,0.0,50749.96,32.1,1
2024-06-30,30.0,20.4,24.8,0.0,0.0,50751.21,24.3,0
2024-07-01,29.6,19.5,24.4,0.0,0.0,49748.11,25.5,3
2024-07-02,33.1,20.4,26.3,0.0,0.0,47967.53,16.9,3
2024-07-03,30.8,19.1,25.1,0.0,0.0,50379.88,26.5,2
2024-07-04,27.2,20.0,24.0,5.2,5.2,27534.88,20.2,63
2024-07-05,28.0,18.2,22.7,2.6,2.6,50617.36,21.3,61
2024-07-06,29.0,18.0,23.8,1.0,1.0,50430.67,32.2,51
2024-07-07,29.5,21.7,25.2,0.0,0.0,50438.83,27.7,0
2024-07-08,30.4,21.4,25.7,0.0,0.0,50448.0,25.9,1
2024-07-09,31.4,22.6,26.9,0.0,0.0,50458.15,26.6,0
2024-07-10,32.3,23.6,27.6,0.0,0.0,50469.37,27.8,3
2024-07-11,27.4,22.5,24.7,13.3,13.3,28970.6,25.0,63
2024-07-12,29.8,22.8,26.1,3.3,3.3,49421.54,25.5,55
2024-07-13,30.8,22.6,26.6,0.0,0.0,50400.0,27.3,2
2024-07-14,31.3,23.2,26.7,0.0,0.0,50524.25,23.3,0
2024-07-15,32.2,22.5,26.7,0.0,0.0,50540.36,26.2,1
2024-07-16,32.6,22.1,27.6,0.0,0.0,48346.02,26.9,3
2024-07-17,34.2,24.4,28.8,0.9,0.9,50400.0,23.5,53
2024-07-18,34.0,24.6,28.8,0.0,0.0,49818.14,24.5,3
2024-07-19,33.0,24.9,28.5,0.0,0.0,50400.0,28.1,2
2024-07-20,32.5,25.0,28.3,0.4,0.4,50400.0,26.5,51
2024-07-21,33.2,24.0,28.0,0.0,0.0,50400.0,24.5,0
2024-07-22,34.4,22.5,28.3,0.0,0.0,50400.0,22.2,2
2024-07-23,31.4,24.3,27.1,0.9,0.9,50400.0,25.9,53
2024-07-24,30.6,20.9,26.4,0.7,0.7,50400.0,25.8,53
2024-07-25,30.5,22.3,26.6,0.6,0.6,50400.0,26.9,51
2024-07-26,26.2,21.5,23.6,2.5,2.5,50400.0,26.2,53
2024-07-27,27.8,19.1,23.9,1.7,1.7,49300.1,22.9,51
2024-07-28,30.8,20.5,25.6,0.1,0.1,50323.04,28.9,51
2024-07-29,31.1,23.0,26.8,0.0,0.0,50267.63,29.2,0
2024-07-30,29.2,22.9,25.5,3.3,3.3,50212.18,31.3,61
2024-07-31,28.4,20.4,24.5,0.0,0.0,50156.75,27.0,1
2024-08-01,28.9,19.4,24.1,0.0,0.0,49394.81,25.0,1
2024-08-02,29.6,19.6,24.6,0.0,0.0,50044.53,22.2,0
2024-08-03,33.0,19.2,25.8,0.0,0.0,49987.59,11.0,0
2024-08-04,32.2,20.8,26.6,0.0,0.0,47830.84,19.5,2
2024-08-05,29.1,21.4,24.9,0.2,0.2,46800.0,23.3,51
2024-08-06,31.2,20.1,25.6,0.0,0.0,49493.33,15.0,1
2024-08-07,27.6,19.8,23.8,0.4,0.4,48868.76,22.3,51
2024-08-08,28.8,19.3,24.0,0.1,0.1,42355.27,21.6,51
2024-08-09,30.1,21.8,25.6,0.1,0.1,47526.35,23.8,51
2024-08-10,30.0,21.9,25.8,0.2,0.2,48293.98,24.1,51
2024-08-11,30.5,23.0,26.3,0.0,0.0,48637.34,26.6,0
2024-08-12,30.8,22.5,26.1,0.0,0.0,48022.39,27.1,1
2024-08-13,32.2,21.8,26.4,0.0,0.0,48683.62,26.3,0
2024-08-14,32.4,23.5,27.2,0.0,0.0,48310.73,34.4,0
2024-08-15,30.1,22.9,25.9,0.0,0.0,47934.58,27.8,0
2024-08-16,29.0,21.4,24.9,0.0,0.0,47559.02,30.4,1
2024-08-17,29.0,22.0,25.2,0.0,0.0,47499.89,29.9,1
2024-08-18,29.9,20.0,25.0,0.0,0.0,47124.95,24.3,3
2024-08-19,30.1,20.5,24.5,1.2,1.2,39099.47,17.7,53
2024-08-20,31.8,18.3,24.2,0.0,0.0,46690.87,19.2,0
2024-08-21,29.0,20.3,24.1,1.3,1.3,35706.93,18.7,53
2024-08-22,32.2,21.2,25.4,0.0,0.0,45839.69,19.6,1
2024-08-23,31.1,21.1,25.7,0.0,0.0,45500.56,23.4,0
2024-08-24,30.2,22.2,25.9,0.0,0.0,44673.57,24.2,1
2024-08-25,30.1,21.0,25.2,0.0,0.0,44715.78,26.8,3
2024-08-26,30.5,22.6,25.9,0.1,0.1,44448.43,26.6,51
2024-08-27,29.5,19.8,24.8,1.7,1.7,44182.57,24.1,61
2024-08-28,28.5,19.9,24.0,0.0,0.0,43608.8,17.4,3
2024-08-29,27.2,19.3,23.8,4.7,4.7,43346.06,17.5,61
2024-08-30,26.4,19.4,22.9,3.3,3.3,39242.68,18.7,53
2024-08-31,27.3,19.7,23.4,0.7,0.7,43200.0,14.3,51
2024-09-01,26.8,20.1,23.2,4.6,4.6,36702.07,17.9,61
2024-09-02,25.0,19.5,22.0,20.2,20.2,22395.67,14.8,63
2024-09-03,28.4,19.6,23.6,1.6,1.6,38947.73,11.0,51
2024-09-04,29.0,20.2,24.2,0.5,0.5,38324.69,25.1,51
2024-09-05,29.4,19.5,23.6,0.0,0.0,43200.0,16.1,0
2024-09-06,29.5,17.5,23.2,0.0,0.0,43200.0,17.4,2
2024-09-07,27.2,19.1,22.6,1.1,1.1,43200.0,17.8,51
2024-09-08,25.4,19.2,21.7,2.2,2.2,41267.74,25.7,51
2024-09-09,27.5,17.8,22.3,1.7,1.7,43200.0,18.6,53
2024-09-10,30.0,19.0,24.0,0.2,0.2,30202.11,17.1,51
2024-09-11,27.8,20.4,23.6,0.4,0.4,36243.36,16.4,51
2024-09-12,28.3,20.4,23.9,0.9,0.9,43200.0,18.8,51
2024-09-13,29.8,20.1,24.8,0.0,0.0,43200.0,13.5,2
2024-09-14,30.9,23.1,26.4,0.0,0.0,43200.0,24.0,2
2024-09-15,25.9,17.0,21.9,4.7,4.7,39820.93,21.8,63
2024-09-16,25.6,14.9,20.1,0.9,0.9,43200.0,18.1,53
2024-09-17,24.1,17.0,20.1,3.1,3.1,43200.0,20.7,61
2024-09-18,24.8,17.0,20.1,3.4,3.4,23686.27,22.3,55
2024-09-19,24.4,16.5,19.9,0.4,0.4,43200.0,22.5,51
2024-09-20,25.3,15.8,19.6,2.6,2.6,41097.9,21.0,55
2024-09-21,22.0,17.6,19.3,7.0,7.0,17194.13,22.4,63
2024-09-22,24.6,15.5,20.2,1.6,1.6,37754.11,27.3,53
2024-09-23,24.5,16.2,19.1,1.0,1.0,29548.23,17.3,51
2024-09-24,26.0,14.7,19.9,0.1,0.1,35350.21,11.7,51
2024-09-25,26.6,15.9,20.8,0.0,0.0,42661.42,18.7,2
2024-09-26,27.2,16.3,20.9,0.0,0.0,41758.77,19.1,3
2024-09-27,28.2,17.0,21.2,0.0,0.0,35372.64,18.7,3
2024-09-28,29.0,18.9,22.2,0.0,0.0,33182.29,17.8,3
2024-09-29,28.4,18.0,22.1,1.8,1.8,34130.76,15.4,61
2024-09-30,19.3,13.6,16.8,34.0,34.0,19528.0,27.6,65
2024-10-01,18.9,13.9,16.0,0.4,0.4,22248.73,19.1,51
2024-10-02,21.5,15.1,17.6,0.2,0.2,39354.2,14.7,51
2024-10-03,23.4,13.3,18.2,0.0,0.0,40483.51,9.9,3
2024-10-04,26.9,15.6,21.3,0.0,0.0,39858.09,16.0,0
2024-10-05,30.5,18.4,24.1,0.0,0.0,39846.59,10.1,3
2024-10-06,27.5,18.7,22.2,0.1,0.1,22283.02,15.4,51
2024-10-07,22.7,16.2,19.1,1.3,1.3,27680.14,20.3,51
2024-10-08,24.2,14.2,18.4,0.0,0.0,38884.17,19.5,3
2024-10-09,24.2,13.4,19.0,0.5,0.5,36783.33,19.2,53
2024-10-10,24.4,18.5,21.2,0.3,0.3,29488.0,17.4,51
2024-10-11,26.4,19.1,22.5,0.0,0.0,38099.46,20.5,3
2024-10-12,23.0,16.7,19.6,2.3,2.3,9397.01,22.7,53
2024-10-13,18.9,14.9,16.6,0.0,0.0,8860.13,16.7,3
2024-10-14,22.0,11.9,15.9,0.0,0.0,31304.08,14.1,3
2024-10-15,21.5,12.9,16.3,0.0,0.0,37313.51,20.1,3
2024-10-16,20.5,10.8,14.9,0.8,0.8,33123.45,28.5,51
2024-10-17,15.4,11.8,13.3,1.6,1.6,32531.35,28.6,53
2024-10-18,16.3,9.8,12.5,1.2,1.2,30549.64,22.4,53
2024-10-19,16.1,9.1,12.1,1.0,1.0,36518.57,16.8,53
2024-10-20,15.9,6.9,12.0,0.1,0.1,35628.38,21.5,51
2024-10-21,16.1,10.1,12.8,0.3,0.3,35977.84,18.4,51
2024-10-22,18.0,9.1,13.2,0.0,0.0,31516.78,18.5,3
2024-10-23,18.7,9.7,13.5,0.0,0.0,36349.92,18.8,3
2024-10-24,18.2,11.4,14.1,0.0,0.0,36000.0,19.4,3
2024-10-25,17.2,11.9,14.4,0.3,0.3,34669.26,22.6,51
2024-10-26,18.2,9.7,13.5,0.0,0.0,36000.0,21.7,1
2024-10-27,19.5,11.2,14.4,0.0,0.0,36000.0,19.7,2
2024-10-28,19.6,10.7,14.3,0.0,0.0,28788.52,11.2,3
2024-10-29,20.0,10.4,14.2,0.0,0.0,28770.72,19.0,3
2024-10-30,17.9,12.7,14.9,0.2,0.2,28519.38,21.6,51
2024-10-31,18.6,12.1,14.8,0.0,0.0,35335.99,22.2,3
2024-11-01,18.9,10.0,13.8,0.0,0.0,34063.85,18.3,3
2024-11-02,17.8,11.2,13.7,0.0,0.0,28728.15,12.7,3
2024-11-03,15.2,9.1,12.7,0.9,0.9,30885.46,32.3,53
2024-11-04,15.1,6.4,11.1,0.0,0.0,31262.73,9.8,3
2024-11-05,14.3,6.4,11.2,0.0,0.0,30719.04,22.9,3
2024-11-06,14.4,8.8,11.3,0.0,0.0,31269.96,24.9,3
2024-11-07,16.8,9.4,12.5,0.0,0.0,34657.3,27.7,1
2024-11-08,17.3,11.2,13.4,0.0,0.0,35034.04,24.7,2
2024-11-09,16.6,10.4,12.5,0.0,0.0,32400.0,27.8,3
2024-11-10,13.9,9.6,11.4,0.1,0.1,25490.5,24.3,51
2024-11-11,16.9,10.2,13.0,0.0,0.0,28196.07,18.0,3
2024-11-12,17.1,10.8,13.4,0.2,0.2,29959.02,20.2,51
2024-11-13,15.4,11.9,13.1,1.0,1.0,4662.61,12.4,51
2024-11-14,15.7,11.2,13.0,0.0,0.0,12769.25,12.6,3
2024-11-15,13.9,10.4,12.3,3.9,3.9,0.0,19.4,53
2024-11-16,11.9,9.4,10.4,2.1,2.1,16761.41,23.5,53
2024-11-17,14.1,10.1,11.6,0.1,0.1,16851.9,19.6,51
2024-11-18,12.9,9.6,11.0,1.8,1.8,4546.75,7.2,61
2024-11-19,14.5,5.4,10.0,0.0,0.0,33621.12,5.4,3
2024-11-20,16.5,8.4,13.1,0.0,0.0,32883.04,26.7,3
2024-11-21,19.4,7.5,14.2,23.6,23.6,18263.12,35.3,63
2024-11-22,17.9,6.0,12.0,0.0,0.0,33139.55,31.6,3
2024-11-23,18.5,3.8,10.1,38.7,38.7,862.16,38.0,65
2024-11-24,7.9,3.3,5.4,1.6,1.0,32346.45,24.1,73
2024-11-25,8.9,3.2,6.0,0.3,0.3,19117.76,16.5,51
2024-11-26,9.9,6.0,7.8,0.0,0.0,26927.18,7.6,3
2024-11-27,11.1,7.3,9.4,0.3,0.3,0.0,13.5,51
2024-11-28,12.4,6.8,9.5,0.0,0.0,23534.75,5.4,3
2024-11-29,13.2,5.3,8.9,0.0,0.0,32106.07,6.9,3
2024-11-30,15.7,7.8,11.1,0.0,0.0,31701.03,17.6,3
2024-12-01,13.1,10.2,11.3,0.1,0.1,24471.85,24.5,51
2024-12-02,12.8,9.8,10.9,6.8,6.8,19442.7,18.8,63
2024-12-03,11.4,9.1,10.3,3.4,3.4,0.0,14.7,53
2024-12-04,9.9,8.7,9.3,7.4,7.4,0.0,12.7,55
2024-12-05,12.8,8.2,9.7,0.1,0.1,21326.1,13.1,51
2024-12-06,13.2,6.4,9.4,0.0,0.0,30649.24,12.4,3
2024-12-07,14.9,10.2,12.0,0.2,0.2,23953.13,16.1,51
2024-12-08,14.4,10.8,12.1,2.5,2.5,20108.65,14.3,55
2024-12-09,17.6,11.9,14.0,23.6,23.6,22287.93,21.0,63
2024-12-10,17.6,11.4,13.5,31.0,31.0,28755.19,21.7,65
2024-12-11,11.6,7.3,9.8,7.9,7.9,599.9,14.8,63
2024-12-12,10.1,4.7,7.7,0.8,0.8,24120.97,12.7,53
2024-12-13,8.0,5.2,6.4,0.3,0.3,333.11,17.7,51
2024-12-14,7.8,3.3,5.4,0.0,0.0,29773.09,9.8,3
2024-12-15,10.4,6.4,8.8,11.4,11.4,0.0,20.5,63
2024-12-16,9.1,5.7,7.3,1.3,1.3,27567.38,19.0,53
2024-12-17,10.4,6.2,8.6,0.0,0.0,30176.79,17.1,0
2024-12-18,12.6,7.3,9.5,0.0,0.0,30185.02,10.7,1
2024-12-19,12.1,4.8,8.1,0.0,0.0,28981.62,7.8,3
2024-12-20,13.5,5.9,9.8,0.0,0.0,29828.41,12.1,3
2024-12-21,13.4,9.4,10.8,16.8,16.8,15721.52,19.4,63
2024-12-22,8.6,6.0,6.9,4.4,4.4,7753.23,18.9,55
2024-12-23,12.6,5.8,8.7,0.0,0.0,29824.24,12.4,3
2024-12-24,12.3,9.3,10.7,7.9,7.9,0.0,16.4,61
2024-12-25,14.9,8.9,11.1,2.8,2.8,20066.37,17.3,55
2024-12-26,12.4,9.2,10.7,4.8,4.8,0.0,24.9,53
2024-12-27,8.9,4.3,6.6,6.6,6.6,213.77,25.1,53
2024-12-28,8.8,4.1,6.7,1.7,1.7,13228.54,23.3,51
2024-12-29,7.8,6.6,7.0,4.8,4.8,0.0,21.2,53
2024-12-30,8.3,4.8,6.6,0.0,0.0,16502.95,17.0,3
2024-12-31,10.6,3.0,5.9,0.0,0.0,30866.73,7.4,2
2025-01-01,9.6,0.9,5.0,0.0,0.0,31203.27,5.3,3
2025-01-02,10.5,4.2,7.7,0.0,0.0,31174.18,17.3,3
2025-01-03,13.8,9.7,11.5,0.0,0.0,31144.19,23.5,3
2025-01-04,11.6,6.6,9.0,15.5,15.5,0.0,23.9,63
2025-01-05,9.1,4.3,7.0,0.0,0.0,8502.75,12.4,3
2025-01-06,9.5,3.5,6.7,0.0,0.0,31551.16,10.7,2
2025-01-07,14.2,7.8,11.4,0.0,0.0,28800.0,25.3,3
2025-01-08,15.6,12.6,13.7,0.0,0.0,31343.19,20.9,3
2025-01-09,15.3,10.2,12.5,0.0,0.0,31727.34,13.8,3
2025-01-10,14.6,7.2,11.1,0.0,0.0,32055.23,13.1,3
2025-01-11,12.1,6.8,9.0,8.6,8.6,0.0,17.3,63
2025-01-12,9.6,5.3,7.2,6.6,6.6,0.0,20.5,53
2025-01-13,6.6,5.0,5.7,18.5,18.5,0.0,22.5,61
2025-01-14,7.0,5.1,6.1,3.2,3.2,0.0,21.3,53
2025-01-15,7.8,5.6,6.3,12.8,12.8,0.0,22.9,61
2025-01-16,7.3,3.8,5.8,1.4,1.4,0.0,16.7,51
2025-01-17,9.1,1.8,5.0,0.0,0.0,28573.8,8.1,3
2025-01-18,9.8,1.6,5.0,0.0,0.0,32832.11,5.2,0
2025-01-19,10.9,1.1,5.4,0.0,0.0,32528.27,9.0,3
2025-01-20,9.5,2.8,5.7,0.0,0.0,32400.0,13.0,3
2025-01-21,11.1,2.9,6.4,0.1,0.1,25663.79,15.7,51
2025-01-22,11.6,6.7,8.6,3.0,3.0,32400.0,9.7,61
2025-01-23,10.9,5.5,7.8,0.0,0.0,22238.01,9.3,3
2025-01-24,13.1,5.9,9.7,0.0,0.0,32759.1,13.1,3
2025-01-25,10.2,4.2,8.6,16.7,16.7,21600.0,12.8,63
2025-01-26,12.4,3.5,6.9,0.0,0.0,32845.78,9.5,2
2025-01-27,11.2,4.2,6.9,0.0,0.0,32678.08,9.2,3
2025-01-28,12.2,4.9,8.6,0.0,0.0,33327.92,12.6,3
2025-01-29,15.4,9.7,12.0,0.0,0.0,33634.96,19.0,3
2025-01-30,14.8,9.0,11.5,0.0,0.0,19068.77,10.8,3
2025-01-31,13.6,7.9,10.6,0.1,0.1,28800.0,7.4,51
2025-02-01,13.3,6.1,8.4,0.0,0.0,18124.11,11.5,3
2025-02-02,12.9,7.1,8.9,0.0,0.0,28800.0,14.0,3
2025-02-03,11.3,3.7,6.9,0.0,0.0,19639.45,16.3,3
2025-02-04,6.8,3.8,5.5,0.0,0.0,19510.94,21.6,3
2025-02-05,4.6,1.7,3.2,3.3,1.6,24183.68,21.3,73
2025-02-06,4.0,1.3,2.3,4.9,2.3,17219.72,21.3,73
2025-02-07,5.2,1.3,3.0,5.0,4.2,10354.62,21.1,73
2025-02-08,6.1,3.0,4.1,4.4,4.4,7333.19,22.1,51
2025-02-09,5.8,2.7,3.9,2.0,2.0,32205.25,21.5,53
2025-02-10,6.1,1.4,3.5,1.7,1.6,21038.14,19.2,71
2025-02-11,3.5,0.2,1.7,3.8,3.1,15307.82,21.1,73
2025-02-12,4.6,-2.0,1.3,16.6,5.1,12902.77,19.2,75
2025-02-13,7.3,1.6,4.3,0.0,0.0,36029.24,12.1,3
2025-02-14,10.1,2.6,6.0,0.0,0.0,36066.3,9.8,3
2025-02-15,12.8,5.5,9.1,2.5,2.5,27179.82,14.4,53
2025-02-16,10.1,5.8,7.5,2.7,2.7,1725.45,13.5,53
2025-02-17,5.8,4.7,5.3,17.4,17.4,0.0,19.9,63
2025-02-18,7.3,4.6,5.4,0.8,0.8,993.07,20.7,51
2025-02-19,6.3,1.1,3.5,9.4,3.6,18582.15,23.9,75
2025-02-20,3.3,-0.6,1.3,2.4,0.0,36391.96,20.6,73
2025-02-21,2.2,-1.1,0.2,3.6,0.0,30112.86,20.6,73
2025-02-22,1.2,-3.8,-1.0,5.0,0.0,35065.26,14.0,73
2025-02-23,1.5,-5.8,-2.4,0.8,0.0,33817.12,10.0,71
2025-02-24,4.2,-4.9,-0.5,0.0,0.0,38438.9,5.5,3
2025-02-25,7.1,-1.2,3.7,0.0,0.0,22673.17,13.2,3
2025-02-26,10.1,-0.1,5.1,0.0,0.0,38354.09,6.5,3
2025-02-27,13.8,5.1,9.3,0.0,0.0,32588.04,7.4,3
2025-02-28,13.4,6.1,9.1,0.4,0.4,32876.48,16.8,51
2025-03-01,12.1,4.6,7.2,0.0,0.0,30501.46,12.5,3
2025-03-02,13.8,2.7,6.9,3.5,3.5,23429.29,17.9,55
2025-03-03,7.1,3.8,5.6,1.7,1.7,21460.76,18.5,53
2025-03-04,7.5,3.4,5.2,0.2,0.2,19982.33,20.6,51
2025-03-05,10.7,2.5,5.9,0.0,0.0,39305.1,16.0,0
2025-03-06,15.5,2.0,7.7,0.0,0.0,39373.24,12.6,3
2025-03-07,13.6,4.7,8.1,0.0,0.0,39440.97,17.6,3
2025-03-08,13.9,5.6,8.6,0.0,0.0,39508.32,17.6,2
2025-03-09,12.9,4.7,8.5,0.0,0.0,39590.98,9.6,1
2025-03-10,16.1,5.0,9.8,0.0,0.0,39873.12,8.1,1
2025-03-11,18.8,8.4,13.4,0.0,0.0,39600.0,20.4,3
2025-03-12,22.0,12.6,16.3,1.3,1.3,31010.11,20.1,53
2025-03-13,23.5,13.4,17.9,0.0,0.0,39600.0,16.0,3
2025-03-14,24.2,14.2,18.4,0.0,0.0,39600.0,14.9,3
2025-03-15,25.8,13.2,19.0,0.0,0.0,37579.04,12.4,3
2025-03-16,26.2,16.9,20.9,0.0,0.0,36000.0,22.7,3
2025-03-17,21.6,9.9,14.7,0.8,0.8,35384.95,16.1,51
2025-03-18,9.8,2.4,6.6,18.9,18.8,0.0,26.6,71
2025-03-19,6.7,2.9,4.6,1.0,1.0,26808.63,28.1,51
2025-03-20,8.8,2.5,5.8,2.2,1.9,24517.08,18.9,73
2025-03-21,10.9,3.3,6.8,0.3,0.3,38035.12,15.4,51
2025-03-22,12.2,2.2,7.2,0.0,0.0,42708.21,8.3,3
2025-03-23,17.1,4.3,10.5,1.0,1.0,38358.34,8.6,53
2025-03-24,18.5,10.3,14.5,0.6,0.6,22908.34,21.8,51
2025-03-25,20.1,12.4,16.1,0.0,0.0,28685.05,17.2,3
2025-03-26,21.3,11.6,15.9,0.0,0.0,30125.39,10.4,3
2025-03-27,24.6,11.7,16.3,0.0,0.0,20082.54,18.2,3
2025-03-28,21.5,10.4,13.6,2.4,2.4,15938.25,19.5,55
2025-03-29,18.7,9.4,13.8,0.4,0.4,41078.46,11.5,51
2025-03-30,19.0,9.5,13.5,1.5,1.5,37336.99,10.8,53
2025-03-31,19.1,9.3,13.4,1.4,1.4,37815.47,13.4,53
2025-04-01,18.6,9.1,12.5,7.1,7.1,12805.69,15.2,61
2025-04-02,13.6,8.7,10.5,2.9,2.9,7505.31,14.9,55
2025-04-03,15.2,9.3,11.6,3.6,3.6,29288.45,11.2,53
2025-04-04,15.9,7.3,11.2,0.2,0.2,43200.0,10.5,51
2025-04-05,14.6,7.9,10.3,0.0,0.0,26026.97,10.7,3
2025-04-06,17.8,7.5,11.6,9.5,9.5,38415.18,22.6,63
2025-04-07,9.6,4.8,6.7,12.4,12.4,0.0,26.5,63
2025-04-08,9.2,4.6,6.6,0.0,0.0,32666.31,16.6,3
2025-04-09,9.8,5.0,6.8,0.1,0.1,29560.19,14.9,51
2025-04-10,11.9,4.3,8.5,4.3,4.3,37398.64,23.0,61
2025-04-11,8.7,2.6,5.8,4.0,3.9,43200.0,21.3,71
2025-04-12,9.4,4.2,7.6,4.4,4.4,10952.62,18.9,55
2025-04-13,12.2,2.5,7.3,0.0,0.0,40188.0,12.0,3
2025-04-14,14.8,4.1,9.3,0.0,0.0,37870.04,15.9,3
2025-04-15,19.0,5.5,11.4,0.0,0.0,43573.75,14.3,3
2025-04-16,22.0,7.9,14.2,0.0,0.0,43855.4,14.2,3
2025-04-17,20.5,9.2,13.8,0.0,0.0,43515.74,17.8,3
2025-04-18,21.1,7.9,12.6,0.3,0.3,41682.48,14.5,51
2025-04-19,19.8,7.9,12.2,0.1,0.1,42844.88,12.7,51
2025-04-20,19.0,7.8,13.1,0.0,0.0,44472.46,9.2,3
2025-04-21,23.9,8.1,15.3,0.0,0.0,45030.29,13.7,3
2025-04-22,20.1,10.4,14.5,0.0,0.0,44626.55,16.0,3
2025-04-23,18.2,10.1,12.9,0.0,0.0,39046.27,18.3,3
2025-04-24,16.5,9.9,12.2,0.0,0.0,5166.33,18.2,3
2025-04-25,17.6,10.9,13.5,0.0,0.0,24940.48,11.2,3
2025-04-26,21.4,10.9,15.8,0.5,0.5,46280.51,13.6,53
2025-04-27,15.6,10.5,12.9,0.4,0.4,34632.87,26.8,51
2025-04-28,14.1,9.2,11.2,0.0,0.0,48063.43,31.1,3
2025-04-29,13.2,7.8,10.4,0.0,0.0,34834.72,30.2,3
2025-04-30,14.8,9.0,11.3,0.0,0.0,39563.54,27.9,3
2025-05-01,12.8,8.9,10.7,7.2,7.2,18328.46,25.3,63
2025-05-02,17.4,8.7,12.2,0.2,0.2,30205.56,17.2,51
2025-05-03,18.5,7.6,12.8,0.0,0.0,50047.69,11.9,0
2025-05-04,22.8,8.0,15.2,0.0,0.0,50182.73,8.4,0
2025-05-05,26.6,11.5,19.7,0.0,0.0,47144.33,9.6,3
2025-05-06,27.5,16.1,21.6,0.0,0.0,48608.93,14.6,3
2025-05-07,28.0,17.6,22.7,0.0,0.0,49105.12,13.4,3
2025-05-08,26.0,14.8,20.2,0.0,0.0,50400.0,14.3,3
2025-05-09,23.9,15.3,19.4,0.2,0.2,46132.9,16.0,51
2025-05-10,16.2,11.3,13.9,7.8,7.8,5238.47,23.3,63
2025-05-11,17.5,10.8,13.5,0.0,0.0,49742.98,14.7,3
2025-05-12,19.8,8.6,13.7,0.0,0.0,43721.87,17.0,3
2025-05-13,16.5,11.1,13.5,0.2,0.2,42238.5,19.8,51
2025-05-14,17.8,9.6,13.6,0.0,0.0,49651.33,14.8,2
2025-05-15,22.0,8.2,15.5,0.0,0.0,50400.0,11.0,3
2025-05-16,25.6,13.9,18.8,0.0,0.0,31250.29,13.6,3
2025-05-17,20.0,13.9,17.1,10.8,10.8,34852.3,20.9,63
2025-05-18,18.2,13.1,14.9,7.9,7.9,38711.62,14.8,63
2025-05-19,21.4,11.1,16.2,0.0,0.0,50400.0,11.3,0
2025-05-20,21.6,13.1,17.5,0.6,0.6,50400.0,8.6,53
2025-05-21,27.3,13.2,20.8,0.0,0.0,50400.0,10.5,2
2025-05-22,30.4,16.6,24.2,0.0,0.0,47137.69,15.6,3
2025-05-23,31.1,17.7,24.8,0.0,0.0,50400.0,14.8,3
2025-05-24,31.2,18.4,23.6,0.0,0.0,49343.14,16.8,3
2025-05-25,24.4,16.6,19.7,2.4,2.4,33909.23,19.7,61
2025-05-26,20.7,14.8,17.4,14.9,14.9,9350.92,17.6,63
2025-05-27,20.0,12.6,16.7,0.7,0.7,50400.0,15.3,51
2025-05-28,22.3,13.7,18.4,0.3,0.3,50400.0,12.3,51
2025-05-29,24.2,14.7,19.4,4.3,4.3,50400.0,12.2,63
2025-05-30,24.0,14.6,18.9,1.4,1.4,50318.37,18.2,55
2025-05-31,21.0,15.8,18.0,1.5,1.5,46248.79,22.0,53
2025-06-01,24.0,14.9,19.3,1.1,1.1,50113.11,18.3,53
2025-06-02,26.3,14.3,20.4,0.1,0.1,50400.0,11.1,51
2025-06-03,29.5,14.9,22.8,0.0,0.0,50400.0,9.8,0
2025-06-04,31.5,18.0,24.8,0.0,0.0,50400.0,9.8,0
2025-06-05,30.4,20.8,25.2,0.0,0.0,50400.0,19.1,0
2025-06-06,28.0,18.5,22.8,0.0,0.0,50400.0,20.1,0
2025-06-07,26.3,17.9,21.6,0.0,0.0,48098.51,19.3,3
2025-06-08,26.9,17.3,21.7,0.0,0.0,50400.0,15.6,3
2025-06-09,27.6,17.9,21.9,0.0,0.0,46800.0,17.8,3
2025-06-10,27.4,18.5,22.5,0.0,0.0,48019.57,25.9,3
2025-06-11,27.5,19.5,23.0,0.0,0.0,50375.56,21.0,3
2025-06-12,28.5,19.5,23.5,0.0,0.0,46800.0,18.0,3
2025-06-13,26.6,19.5,22.4,0.0,0.0,50493.02,22.5,3
2025-06-14,25.5,18.4,21.5,0.0,0.0,50481.29,17.3,1
2025-06-15,25.4,16.2,20.9,0.1,0.1,50470.54,17.7,51
2025-06-16,28.0,14.8,22.3,0.0,0.0,50460.7,12.1,1
2025-06-17,30.6,17.5,24.8,0.0,0.0,50451.47,11.9,0
2025-06-18,30.1,18.6,24.3,0.0,0.0,50400.0,18.6,1
2025-06-19,29.2,19.9,24.2,0.0,0.0,50785.98,16.8,3
2025-06-20,31.6,17.6,23.8,0.1,0.1,49638.8,22.3,51
2025-06-21,26.0,20.5,22.8,0.0,0.0,49112.25,22.8,3
2025-06-22,25.0,18.3,21.7,0.0,0.0,50766.39,21.8,1
2025-06-23,30.3,15.8,23.6,0.0,0.0,50761.36,12.3,0
2025-06-24,33.0,18.8,26.4,0.0,0.0,50757.06,16.5,0
2025-06-25,34.8,19.5,27.2,0.0,0.0,50753.57,15.9,0
2025-06-26,35.5,20.7,28.2,0.0,0.0,50750.91,17.2,0
2025-06-27,34.2,22.0,28.1,0.0,0.0,50749.12,20.6,0
2025-06-28,30.4,21.5,25.4,0.1,0.1,50400.0,18.4,51
2025-06-29,25.0,20.5,22.9,0.6,0.6,50748.2,24.3,51
2025-06-30,29.8,18.6,24.5,0.0,0.0,46229.45,8.3,3
2025-07-01,29.8,21.3,24.9,0.0,0.0,50402.08,20.0,3
2025-07-02,27.8,18.7,23.4,0.0,0.0,50753.93,17.3,0
2025-07-03,29.5,16.8,23.5,0.0,0.0,50757.82,18.6,0
2025-07-04,29.5,18.5,24.0,0.0,0.0,50762.71,18.4,0
2025-07-05,30.1,19.3,24.8,0.0,0.0,50768.71,19.4,0
2025-07-06,31.8,20.5,25.8,0.0,0.0,50775.73,21.5,0
2025-07-07,34.7,21.0,27.0,0.0,0.0,50783.71,16.8,0
2025-07-08,34.8,20.7,27.0,0.0,0.0,50792.58,13.0,1
2025-07-09,38.0,20.6,29.9,0.0,0.0,50802.36,13.0,0
2025-07-10,29.4,21.6,24.4,0.0,0.0,50467.96,23.3,0
2025-07-11,29.2,20.0,24.6,0.0,0.0,50400.0,19.7,1
2025-07-12,28.5,21.5,24.9,0.0,0.0,50493.09,20.5,1
2025-07-13,30.5,20.9,25.8,0.0,0.0,50507.01,22.7,0
2025-07-14,31.1,20.7,25.8,0.0,0.0,50521.81,20.9,0
2025-07-15,31.7,22.5,26.8,0.0,0.0,50537.51,24.9,0
2025-07-16,32.5,22.1,27.3,0.0,0.0,50554.05,18.5,2
2025-07-17,34.0,21.5,27.7,0.0,0.0,50571.48,16.0,0
2025-07-18,28.2,22.6,25.3,0.0,0.0,50400.0,17.4,2
2025-07-19,30.4,21.3,25.7,0.0,0.0,50400.0,18.9,2
2025-07-20,33.2,20.2,27.4,0.0,0.0,50400.0,16.6,0
2025-07-21,35.2,21.3,29.1,0.0,0.0,50400.0,12.1,0
2025-07-22,37.9,22.0,31.1,0.0,0.0,50400.0,10.3,0
2025-07-23,39.6,26.1,32.3,0.0,0.0,50400.0,18.4,0
2025-07-24,34.3,24.0,28.3,0.0,0.0,50400.0,22.5,1
2025-07-25,33.2,23.8,28.1,0.0,0.0,50400.0,20.7,0
2025-07-26,33.2,24.1,28.3,0.0,0.0,50400.0,26.1,0
2025-07-27,34.1,22.9,28.0,0.0,0.0,50394.09,14.9,0
2025-07-28,34.9,21.6,27.4,0.0,0.0,48410.52,14.4,3
2025-07-29,34.8,22.0,28.8,0.0,0.0,50284.66,14.5,1
2025-07-30,28.8,24.6,26.6,0.3,0.3,47750.14,20.3,51
2025-07-31,29.8,23.8,26.3,0.0,0.0,47141.24,25.5,3
2025-08-01,29.9,23.5,26.1,0.3,0.3,43190.64,27.5,51
2025-08-02,30.1,23.3,26.4,0.3,0.3,48757.12,24.3,51
2025-08-03,30.9,22.6,26.5,0.0,0.0,49428.97,18.1,1
2025-08-04,31.2,22.0,26.4,0.0,0.0,49942.51,19.7,0
2025-08-05,30.5,23.1,26.6,0.0,0.0,47922.99,22.5,3
2025-08-06,31.1,24.4,27.2,0.1,0.1,47226.7,28.4,51
2025-08-07,30.6,23.5,26.4,1.2,1.2,35140.05,23.3,53
2025-08-08,30.0,23.3,26.1,0.5,0.5,48564.79,25.8,51
2025-08-09,29.6,23.2,25.9,0.0,0.0,48266.36,23.3,3
2025-08-10,30.8,22.8,26.3,0.0,0.0,49251.33,24.9,0
2025-08-11,30.8,22.0,26.2,0.0,0.0,48953.04,21.7,0
2025-08-12,29.7,23.5,26.1,0.0,0.0,48656.16,25.8,2
2025-08-13,29.1,23.0,25.6,0.0,0.0,47870.07,26.7,3
2025-08-14,28.6,22.8,25.3,0.0,0.0,48012.75,30.5,3
2025-08-15,28.8,23.5,25.7,0.0,0.0,47004.0,32.3,2
2025-08-16,28.1,22.9,25.1,0.0,0.0,47897.32,28.8,0
2025-08-17,28.1,21.2,24.7,0.0,0.0,46353.88,21.7,2
2025-08-18,27.7,22.0,24.4,2.0,2.0,43755.38,13.0,53
2025-08-19,28.5,20.8,24.3,0.0,0.0,46161.89,18.6,1
2025-08-20,27.9,20.8,24.1,0.0,0.0,46392.89,18.1,1
2025-08-21,31.5,17.8,24.4,0.0,0.0,46957.78,13.3,0
2025-08-22,34.2,17.5,26.1,0.0,0.0,46580.14,8.8,0
2025-08-23,29.5,22.4,25.6,0.0,0.0,45486.02,18.4,0
2025-08-24,27.9,21.1,24.1,0.2,0.2,44352.72,16.1,51
2025-08-25,27.2,20.2,23.2,0.0,0.0,45018.65,22.3,2
2025-08-26,26.4,19.0,22.7,0.0,0.0,44761.36,20.3,3
2025-08-27,26.9,20.1,23.3,0.0,0.0,43593.45,24.6,3
2025-08-28,27.4,20.7,23.7,0.0,0.0,44218.8,24.9,3
2025-08-29,29.5,21.4,24.8,0.0,0.0,43336.7,18.9,2
2025-08-30,29.2,19.8,24.2,0.0,0.0,43495.44,10.6,3
2025-08-31,33.5,20.3,26.8,0.0,0.0,43429.47,12.5,1
2025-09-01,30.4,21.3,25.9,0.0,0.0,43476.07,11.5,1
2025-09-02,30.9,20.3,25.4,0.0,0.0,43215.31,15.0,0
2025-09-03,30.6,20.5,24.9,0.0,0.0,43262.38,19.0,3
2025-09-04,28.9,22.0,25.0,0.0,0.0,43200.0,25.3,3
2025-09-05,28.3,23.0,24.9,0.0,0.0,43200.0,25.2,3
2025-09-06,23.1,19.3,21.3,12.2,12.2,1473.69,18.2,61
2025-09-07,24.4,19.1,21.4,0.4,0.4,31590.69,20.4,51
2025-09-08,25.0,18.2,21.2,0.5,0.5,43200.0,17.1,51
2025-09-09,26.0,18.0,21.7,0.3,0.3,43200.0,11.1,51
2025-09-10,27.5,17.1,22.1,0.0,0.0,43200.0,14.3,2
2025-09-11,26.8,19.6,22.6,0.0,0.0,41235.21,12.5,3
2025-09-12,26.3,19.9,22.5,0.6,0.6,42624.14,17.8,51
2025-09-13,25.5,20.2,22.5,0.0,0.0,43200.0,21.2,2
2025-09-14,24.8,19.5,21.5,0.0,0.0,43200.0,22.7,2
2025-09-15,24.9,18.6,21.2,0.0,0.0,43200.0,17.3,1
2025-09-16,26.8,16.2,21.4,0.0,0.0,43200.0,14.6,0
2025-09-17,27.9,17.0,21.5,0.1,0.1,34350.37,19.6,51
2025-09-18,22.0,17.0,19.3,2.7,2.7,43200.0,20.9,55
2025-09-19,23.2,17.5,20.3,0.0,0.0,43200.0,20.6,3
2025-09-20,23.8,15.2,19.7,0.0,0.0,43198.43,19.8,3
2025-09-21,24.8,17.0,20.8,0.0,0.0,43096.77,21.7,3
2025-09-22,26.4,18.8,21.9,0.0,0.0,42995.76,18.1,0
2025-09-23,26.8,16.5,21.2,0.0,0.0,42895.5,14.4,0
2025-09-24,25.9,15.3,20.5,0.0,0.0,42583.75,14.9,2
2025-09-25,23.8,17.6,20.3,0.1,0.1,30841.82,22.3,51
2025-09-26,22.0,17.9,19.5,1.7,1.7,39122.04,28.6,51
2025-09-27,20.4,16.6,18.0,0.0,0.0,32873.07,25.6,3
2025-09-28,21.3,15.9,17.9,0.5,0.5,20912.01,20.0,51
2025-09-29,17.5,15.4,16.2,9.2,9.2,0.0,11.8,61
2025-09-30,19.2,13.6,16.1,0.4,0.4,41433.06,12.4,51
2025-10-01,20.1,11.4,15.8,0.0,0.0,41117.88,14.4,1
2025-10-02,21.5,14.2,17.8,0.0,0.0,38382.1,24.3,3
2025-10-03,23.9,16.6,19.3,2.6,2.6,28649.93,14.8,55
2025-10-04,19.8,15.1,17.3,2.8,2.8,38897.85,26.0,53
2025-10-05,20.4,14.9,17.6,2.1,2.1,39294.14,19.0,53
2025-10-06,21.5,15.9,18.6,0.0,0.0,38982.79,11.7,3
2025-10-07,19.6,15.6,17.4,14.0,14.0,0.0,9.9,63
2025-10-08,17.2,13.1,15.0,0.7,0.7,28472.41,13.9,51
2025-10-09,16.5,12.2,14.4,6.5,6.5,10220.94,19.5,61
2025-10-10,18.7,11.4,15.2,0.0,0.0,38364.14,12.1,1
2025-10-11,16.2,11.1,14.0,7.1,7.1,527.47,14.3,61
2025-10-12,16.8,9.4,12.7,0.9,0.9,16619.43,11.2,53
2025-10-13,18.0,12.6,15.4,0.7,0.7,31112.28,8.7,51
2025-10-14,18.2,12.8,15.3,0.0,0.0,37267.03,12.1,3
2025-10-15,18.5,12.4,14.9,0.2,0.2,36991.04,13.9,51
2025-10-16,17.5,13.1,15.0,0.3,0.3,36000.0,21.6,51
2025-10-17,21.0,14.9,16.9,0.9,0.9,36569.78,16.7,53
2025-10-18,19.1,13.7,16.2,0.4,0.4,19569.91,6.5,51
2025-10-19,16.4,13.0,14.9,8.8,8.8,15794.02,16.4,61
2025-10-20,18.0,10.1,13.6,0.0,0.0,36000.0,11.3,3
2025-10-21,19.1,9.4,14.0,0.0,0.0,35469.84,11.9,3
2025-10-22,19.9,12.4,16.0,0.0,0.0,36000.0,8.6,3
2025-10-23,20.0,15.8,17.6,1.1,1.1,35583.23,17.8,53
2025-10-24,23.1,17.0,19.5,33.7,33.7,33060.57,23.1,65
2025-10-25,18.0,14.5,16.2,44.9,44.9,31095.52,12.7,65
2025-10-26,20.2,12.8,16.7,0.0,0.0,34475.14,19.5,3
2025-10-27,24.1,14.6,18.9,12.6,12.6,31382.23,25.3,63
2025-10-28,18.8,11.5,15.1,1.5,1.5,26862.48,15.2,53
2025-10-29,17.0,9.8,13.0,0.0,0.0,35923.32,9.5,1
2025-10-30,19.9,7.6,13.0,0.0,0.0,35845.93,7.3,2
2025-10-31,17.5,12.6,14.5,0.0,0.0,35770.32,12.2,3
2025-11-01,20.2,9.8,14.4,0.0,0.0,35696.64,11.7,3
2025-11-02,20.0,12.4,15.2,0.0,0.0,29363.6,12.5,3
2025-11-03,18.1,11.2,14.6,0.0,0.0,35555.24,11.2,3
2025-11-04,20.5,12.9,15.8,0.0,0.0,34182.66,16.5,3
2025-11-05,18.6,14.5,15.9,4.9,4.9,24455.01,19.1,61
2025-11-06,18.5,14.9,16.2,0.0,0.0,17296.01,19.4,3
2025-11-07,19.5,14.6,16.6,2.5,2.5,23194.73,14.1,55
2025-11-08,20.5,13.4,16.7,0.0,0.0,30534.23,8.1,3
2025-11-09,20.5,13.8,17.0,0.0,0.0,34388.8,8.7,3
2025-11-10,21.1,13.8,16.8,0.0,0.0,29794.62,8.3,3
2025-11-11,18.0,13.6,15.7,10.6,10.6,11068.43,13.9,63
2025-11-12,15.6,12.9,13.7,10.6,10.6,4521.77,13.8,61
2025-11-13,15.1,9.7,12.2,0.8,0.8,33520.45,9.8,51
2025-11-14,15.2,6.2,10.7,0.3,0.3,33554.05,6.5,51
2025-11-15,14.6,6.5,10.5,0.0,0.0,34271.57,6.4,2
2025-11-16,15.8,9.4,12.7,0.0,0.0,34305.08,12.2,3
2025-11-17,18.4,12.8,15.9,0.0,0.0,32960.5,25.7,3
2025-11-18,20.1,16.7,18.2,0.0,0.0,31091.43,23.8,3
2025-11-19,19.6,15.9,17.5,0.0,0.0,20440.22,18.7,3
2025-11-20,20.2,13.9,16.7,0.0,0.0,26860.18,14.9,3
2025-11-21,21.4,14.3,16.7,0.0,0.0,32185.73,13.4,3
2025-11-22,21.1,13.0,16.8,0.0,0.0,30497.17,12.3,3
2025-11-23,20.9,14.1,16.7,1.7,1.7,24109.29,11.5,61
2025-11-24,15.2,10.4,13.4,3.1,3.1,31126.32,10.0,53
2025-11-25,14.6,9.1,11.5,0.0,0.0,32667.08,11.1,3
2025-11-26,17.9,11.2,13.9,0.0,0.0,29214.81,10.8,3
2025-11-27,20.0,12.9,15.0,0.0,0.0,30233.62,10.1,3
2025-11-28,19.2,10.9,14.5,0.2,0.2,31720.4,11.0,51
2025-11-29,13.3,10.8,12.1,11.1,11.1,0.0,11.0,63
2025-11-30,13.6,10.1,11.5,1.6,1.6,28520.44,10.6,51
2025-12-01,12.7,8.2,10.1,5.2,5.2,19631.51,8.9,61
2025-12-02,13.2,7.1,9.7,0.0,0.0,26773.28,7.4,3
2025-12-03,14.4,5.9,9.9,0.0,0.0,27924.93,7.8,3
2025-12-04,15.9,6.3,10.4,0.0,0.0,28800.0,8.7,3
2025-12-05,17.4,10.1,12.9,0.0,0.0,20111.36,11.4,3
2025-12-06,19.0,12.7,14.9,0.6,0.6,30646.74,15.6,53
2025-12-07,13.9,10.7,12.2,41.7,41.7,6781.53,24.9,65
2025-12-08,10.7,7.9,9.7,1.5,1.5,0.0,20.8,53
2025-12-09,10.5,7.4,8.6,0.1,0.1,4368.57,14.4,51
2025-12-10,11.4,5.3,8.2,0.0,0.0,28973.75,9.4,3
2025-12-11,13.5,6.8,10.2,1.0,1.0,28152.99,11.0,51
2025-12-12,12.1,6.3,9.4,0.1,0.1,21886.24,8.9,51
2025-12-13,12.6,9.1,10.4,1.0,1.0,28113.58,15.2,53
2025-12-14,11.2,7.2,9.2,0.5,0.5,26099.2,9.4,51
2025-12-15,10.4,6.0,8.4,0.1,0.1,21279.82,18.5,51
2025-12-16,11.4,3.7,6.9,0.0,0.0,30160.13,7.1,3
2025-12-17,13.6,4.7,7.9,0.0,0.0,30535.24,8.9,0
2025-12-18,11.3,4.1,7.3,0.0,0.0,29449.86,8.8,3
2025-12-19,13.3,5.8,8.9,0.0,0.0,21767.86,8.0,3
2025-12-20,13.2,8.6,10.4,0.0,0.0,21200.66,14.6,3
2025-12-21,12.9,7.2,9.9,1.0,1.0,522.88,9.5,51
2025-12-22,12.1,8.5,10.1,2.3,2.3,23699.91,16.8,51
2025-12-23,11.4,8.4,10.0,1.2,1.2,13958.71,15.2,51
2025-12-24,13.3,6.6,9.7,0.5,0.5,20988.79,12.3,51
2025-12-25,12.1,8.9,10.7,2.4,2.4,0.0,20.4,51
2025-12-26,8.6,3.9,6.9,4.8,4.8,15495.54,21.1,61
2025-12-27,5.5,3.5,4.7,2.4,2.4,28800.0,22.6,51
2025-12-28,7.1,2.5,4.8,4.0,4.0,4287.16,22.8,61
2025-12-29,6.4,0.9,3.8,0.0,0.0,30488.32,15.1,3
2025-12-30,11.6,4.9,8.5,9.4,9.4,29805.6,27.3,63
2025-12-31,4.4,-0.9,2.5,6.4,6.3,13215.19,19.2,71
2026-01-01,2.2,-1.7,0.0,0.7,0.0,29755.39,15.0,73
2026-01-02,7.9,-0.3,3.9,0.0,0.0,30762.14,26.8,3
2026-01-03,13.6,7.4,11.5,6.4,6.4,6298.85,35.9,63
2026-01-04,16.2,12.9,14.5,1.5,1.5,30035.64,32.0,61
2026-01-05,15.2,12.1,13.9,0.0,0.0,25200.0,26.2,3
2026-01-06,16.4,10.1,12.7,0.1,0.1,31423.32,12.4,51
2026-01-07,16.9,10.6,13.7,0.1,0.1,30301.95,17.3,51
2026-01-08,16.8,4.9,12.7,21.3,20.7,8302.28,44.9,73
2026-01-09,8.3,0.7,4.8,0.1,0.1,31713.29,22.9,51
2026-01-10,14.9,8.4,11.7,16.6,16.6,19433.02,37.1,63
2026-01-11,11.6,3.9,7.6,25.5,25.5,0.0,30.4,63
2026-01-12,3.7,1.6,2.3,8.3,6.5,0.0,23.2,73
2026-01-13,4.1,-0.5,1.8,0.6,0.0,29781.08,14.2,71
2026-01-14,8.6,3.8,6.2,0.7,0.7,14761.51,17.4,51
2026-01-15,10.8,7.8,9.3,0.0,0.0,24913.1,16.6,3
2026-01-16,10.0,2.2,7.0,3.4,3.4,0.0,21.8,53
2026-01-17,5.6,1.8,3.3,1.5,1.5,11993.39,17.6,51
2026-01-18,3.8,0.9,1.9,3.7,0.9,6260.16,24.0,73
2026-01-19,3.2,0.4,1.8,6.4,3.3,3064.63,22.0,73
2026-01-20,6.8,2.8,4.4,0.1,0.1,11102.86,16.9,51
2026-01-21,8.1,1.8,4.5,0.0,0.0,14493.98,15.6,3
2026-01-22,10.6,5.1,7.6,2.2,2.2,15681.0,15.5,61
2026-01-23,11.6,7.7,9.3,4.3,4.3,0.0,11.1,53
2026-01-24,10.8,7.6,9.0,0.1,0.1,1917.66,11.4,51
2026-01-25,14.3,7.4,10.9,0.0,0.0,30117.55,10.9,3
2026-01-26,15.6,10.6,12.8,2.8,2.8,23707.75,20.9,55
2026-01-27,14.2,9.5,11.8,1.1,1.1,32684.91,15.9,53
2026-01-28,12.5,8.9,10.7,0.2,0.2,32400.0,21.8,51
2026-01-29,14.9,11.8,13.2,1.0,1.0,12655.88,22.1,51
2026-01-30,13.1,7.2,10.4,9.0,9.0,17011.54,19.7,63
2026-01-31,10.9,5.1,7.0,11.8,11.8,17658.75,20.4,63
2026-02-01,8.0,4.7,6.0,14.2,14.2,0.0,27.1,63
2026-02-02,7.6,3.2,5.8,10.7,10.7,0.0,24.3,63
2026-02-03,6.7,2.6,4.1,0.9,0.9,10985.97,18.4,51
2026-02-04,12.1,1.9,6.7,0.0,0.0,27944.24,8.5,3
2026-02-05,13.6,7.9,10.6,3.4,3.4,293.45,19.2,55
2026-02-06,14.8,9.2,12.1,1.4,1.4,31484.06,14.1,53
2026-02-07,13.8,9.1,11.1,3.6,3.6,28246.7,15.2,55
2026-02-08,11.7,8.1,9.7,9.8,9.8,0.0,8.3,61
2026-02-09,10.9,6.2,8.6,0.6,0.6,8575.99,22.4,51
2026-02-10,7.8,5.1,6.3,0.0,0.0,0.0,24.8,3
2026-02-11,9.6,5.9,7.5,0.0,0.0,21716.98,15.3,3
2026-02-12,15.1,7.7,10.7,2.0,2.0,18626.18,23.3,53
2026-02-13,14.8,10.9,12.4,4.5,4.5,3815.4,18.5,61
2026-02-14,13.6,7.9,10.5,5.8,5.8,25667.66,16.1,63
2026-02-15,21.3,11.2,15.1,1.8,1.8,35810.12,32.4,55
2026-02-16,17.2,11.6,14.2,5.9,5.9,36132.52,29.7,63
2026-02-17,15.4,9.6,12.6,7.2,7.2,32373.04,22.6,61
2026-02-18,12.1,2.2,6.2,5.4,5.3,699.72,24.1,71
2026-02-19,10.4,3.1,7.0,0.1,0.1,37077.35,17.1,51
2026-02-20,15.6,7.5,11.0,0.0,0.0,37353.54,19.3,3
2026-02-21,14.6,7.9,10.3,0.5,0.5,36000.0,16.9,51
2026-02-22,8.1,4.2,5.7,9.1,9.1,0.0,23.4,61
2026-02-23,8.2,3.8,5.8,0.0,0.0,30770.93,8.2,3
2026-02-24,12.2,6.2,9.4,2.9,2.9,32711.9,20.2,61
2026-02-25,9.7,4.6,7.3,2.2,2.2,38091.46,15.1,53
2026-02-26,7.3,2.1,4.8,5.6,5.2,26907.35,22.2,73
2026-02-27,5.8,3.2,4.5,0.7,0.7,3600.0,15.0,51
2026-02-28,7.6,3.0,5.1,0.3,0.3,8735.52,18.9,51
2026-03-01,9.1,4.5,6.3,0.1,0.1,17310.88,16.0,51
2026-03-02,12.9,2.8,7.0,0.0,0.0,39081.46,10.9,3
2026-03-03,10.6,4.4,6.8,0.0,0.0,16631.77,12.1,3
2026-03-04,13.5,2.0,7.6,0.0,0.0,39218.85,7.7,3
2026-03-05,11.1,3.5,7.6,0.8,0.8,27849.44,9.3,51
2026-03-06,14.0,5.4,9.0,0.1,0.1,38660.84,13.7,51
2026-03-07,10.3,3.7,6.5,0.0,0.0,36675.81,14.6,3
2026-03-08,9.9,2.8,6.1,0.0,0.0,32400.0,20.4,3
2026-03-09,10.1,5.2,7.1,0.0,0.0,39558.07,23.3,3
2026-03-10,15.9,4.6,8.7,0.0,0.0,39600.0,17.7,0
2026-03-11,15.4,4.8,8.5,0.0,0.0,39834.09,13.8,3
2026-03-12,10.8,6.2,7.7,0.0,0.0,22301.19,12.6,3
2026-03-13,10.9,5.8,7.4,0.0,0.0,38987.52,16.5,3
2026-03-14,10.9,5.6,7.6,0.0,0.0,21339.86,17.5,3
2026-03-15,10.9,7.1,8.3,0.6,0.6,2175.51,17.5,51
2026-03-16,11.4,6.2,8.3,0.6,0.6,22297.58,12.1,51
2026-03-17,11.4,2.8,7.2,0.0,0.0,36879.83,19.7,3
2026-03-18,9.8,6.9,8.2,0.2,0.2,1154.12,26.6,51
2026-03-19,8.8,6.7,7.6,2.8,2.8,0.0,29.1,53
2026-03-20,6.8,5.6,6.2,24.4,24.4,0.0,26.2,61
2026-03-21,9.9,5.9,7.8,4.3,4.3,0.0,22.2,51
2026-03-22,9.9,8.1,8.7,2.4,2.4,0.0,17.5,51
2026-03-23,9.8,7.8,8.5,0.1,0.1,0.0,12.1,51
2026-03-24,11.7,7.8,9.2,0.3,0.3,16813.67,16.4,51
2026-03-25,12.2,7.9,9.5,0.1,0.1,31743.44,21.7,51
2026-03-26,13.7,7.1,9.6,0.3,0.3,36740.9,10.2,51
2026-03-27,18.9,5.5,12.3,1.7,1.7,35975.54,11.5,61
2026-03-28,12.1,9.1,10.8,29.0,29.0,5307.71,22.7,63
2026-03-29,10.0,8.9,9.2,31.7,31.7,0.0,17.9,63
2026-03-30,11.3,8.2,9.6,34.0,34.0,0.0,20.2,63
